{
  "db_name": "university_database",
  "tables": {
    "department": [],
    "course": [
      {
        "dcode": "CS",
        "cno": 211,
        "title": "object-oriented programming",
        "units": 3
      },
      {
        "dcode": "CS",
        "cno": 310,
        "title": "Data Structure",
        "units": 3
      },
      {
        "dcode": "MTH",
        "cno": 125,
        "title": "Discrete Mathematics",
        "units": 3
      },
      {
        "dcode": "CS",
        "cno": 330,
        "title": "Formal Methods",
        "units": 3
      },
      {
        "dcode": "CS",
        "cno": 530,
        "title": "Mathematical Foundations of CS",
        "units": 3
      },
      {
        "dcode": "CS",
        "cno": 550,
        "title": "Database Management",
        "units": 6
      },
      {
        "dcode": "C",
        "cno": 101,
        "title": "Vacation in Hawaii",
        "units": 1
      },
      {
        "dcode": "History",
        "cno": 101,
        "title": "Ancient History",
        "units": 3
      },
      {
        "dcode": "History",
        "cno": 102,
        "title": "Middle Ages",
        "units": 3
      },
      {
        "dcode": "History",
        "cno": 110,
        "title": "European History",
        "units": 6
      }
    ],
    "prereq": [],
    "class": [
      {
        "class": 25,
        "dcode": "HIST",
        "cno": 101,
        "instr": 1
      },
      { "class": 21,
        "dcode": "HIST",
        "cno": 101,
        "instr": 1

      }
    ],
    "faculty": [
      {
        "ssn": 1,
        "name": "Brodsky",
        "dcode": "CS",
        "frank": "professor"
      }
    ],
    "student": [
      {
        "ssn": 75,
        "name": "New",
        "major": "CS",
        "status": "active"
      },
      {
        "ssn": 80,
        "name": "New",
        "major": "OR",
        "status": "active"
      }
    ],
    "enrollment": [
      {
        "class": 25,
        "ssn": 75
      },
      {
        "class": 21,
        "ssn": 80
      }
    ],
    "transcript": []
  }
}
