{"correct_queries": 18, "outOf": 22, "perQueryReport": [{"query": "boolQuery_a", "correct": true, "perDBreport": [{"query": "boolQuery_a", "db": "db1", "correct": true}, {"query": "boolQuery_a", "db": "db2", "correct": true}, {"query": "boolQuery_a", "db": "db3", "correct": true}, {"query": "boolQuery_a", "db": "db4", "correct": true}, {"query": "boolQuery_a", "db": "db5", "correct": true}, {"query": "boolQuery_a", "db": "db6", "correct": true}, {"query": "boolQuery_a", "db": "db7", "correct": true}, {"query": "boolQuery_a", "db": "db8", "correct": true}, {"query": "boolQuery_a", "db": "db9", "correct": true}, {"query": "boolQuery_a", "db": "db10", "correct": true}, {"query": "boolQuery_a", "db": "db11", "correct": true}, {"query": "boolQuery_a", "db": "db12", "correct": true}]}, {"query": "boolQuery_b", "correct": true, "perDBreport": [{"query": "boolQuery_b", "db": "db1", "correct": true}, {"query": "boolQuery_b", "db": "db2", "correct": true}, {"query": "boolQuery_b", "db": "db3", "correct": true}, {"query": "boolQuery_b", "db": "db4", "correct": true}, {"query": "boolQuery_b", "db": "db5", "correct": true}, {"query": "boolQuery_b", "db": "db6", "correct": true}, {"query": "boolQuery_b", "db": "db7", "correct": true}, {"query": "boolQuery_b", "db": "db8", "correct": true}, {"query": "boolQuery_b", "db": "db9", "correct": true}, {"query": "boolQuery_b", "db": "db10", "correct": true}, {"query": "boolQuery_b", "db": "db11", "correct": true}, {"query": "boolQuery_b", "db": "db12", "correct": true}]}, {"query": "boolQuery_c", "correct": false, "perDBreport": [{"query": "boolQuery_c", "db": "db1", "correct": true}, {"query": "boolQuery_c", "db": "db2", "correct": true}, {"query": "boolQuery_c", "db": "db3", "correct": true}, {"query": "boolQuery_c", "db": "db4", "correct": true}, {"query": "boolQuery_c", "db": "db5", "correct": false}, {"query": "boolQuery_c", "db": "db6", "correct": true}, {"query": "boolQuery_c", "db": "db7", "correct": true}, {"query": "boolQuery_c", "db": "db8", "correct": true}, {"query": "boolQuery_c", "db": "db9", "correct": true}, {"query": "boolQuery_c", "db": "db10", "correct": true}, {"query": "boolQuery_c", "db": "db11", "correct": true}, {"query": "boolQuery_c", "db": "db12", "correct": true}]}, {"query": "boolQuery_d", "correct": true, "perDBreport": [{"query": "boolQuery_d", "db": "db1", "correct": true}, {"query": "boolQuery_d", "db": "db2", "correct": true}, {"query": "boolQuery_d", "db": "db3", "correct": true}, {"query": "boolQuery_d", "db": "db4", "correct": true}, {"query": "boolQuery_d", "db": "db5", "correct": true}, {"query": "boolQuery_d", "db": "db6", "correct": true}, {"query": "boolQuery_d", "db": "db7", "correct": true}, {"query": "boolQuery_d", "db": "db8", "correct": true}, {"query": "boolQuery_d", "db": "db9", "correct": true}, {"query": "boolQuery_d", "db": "db10", "correct": true}, {"query": "boolQuery_d", "db": "db11", "correct": true}, {"query": "boolQuery_d", "db": "db12", "correct": true}]}, {"query": "boolQuery_e", "correct": true, "perDBreport": [{"query": "boolQuery_e", "db": "db1", "correct": true}, {"query": "boolQuery_e", "db": "db2", "correct": true}, {"query": "boolQuery_e", "db": "db3", "correct": true}, {"query": "boolQuery_e", "db": "db4", "correct": true}, {"query": "boolQuery_e", "db": "db5", "correct": true}, {"query": "boolQuery_e", "db": "db6", "correct": true}, {"query": "boolQuery_e", "db": "db7", "correct": true}, {"query": "boolQuery_e", "db": "db8", "correct": true}, {"query": "boolQuery_e", "db": "db9", "correct": true}, {"query": "boolQuery_e", "db": "db10", "correct": true}, {"query": "boolQuery_e", "db": "db11", "correct": true}, {"query": "boolQuery_e", "db": "db12", "correct": true}]}, {"query": "boolQuery_f", "correct": true, "perDBreport": [{"query": "boolQuery_f", "db": "db1", "correct": true}, {"query": "boolQuery_f", "db": "db2", "correct": true}, {"query": "boolQuery_f", "db": "db3", "correct": true}, {"query": "boolQuery_f", "db": "db4", "correct": true}, {"query": "boolQuery_f", "db": "db5", "correct": true}, {"query": "boolQuery_f", "db": "db6", "correct": true}, {"query": "boolQuery_f", "db": "db7", "correct": true}, {"query": "boolQuery_f", "db": "db8", "correct": true}, {"query": "boolQuery_f", "db": "db9", "correct": true}, {"query": "boolQuery_f", "db": "db10", "correct": true}, {"query": "boolQuery_f", "db": "db11", "correct": true}, {"query": "boolQuery_f", "db": "db12", "correct": true}]}, {"query": "boolQuery_g", "correct": true, "perDBreport": [{"query": "boolQuery_g", "db": "db1", "correct": true}, {"query": "boolQuery_g", "db": "db2", "correct": true}, {"query": "boolQuery_g", "db": "db3", "correct": true}, {"query": "boolQuery_g", "db": "db4", "correct": true}, {"query": "boolQuery_g", "db": "db5", "correct": true}, {"query": "boolQuery_g", "db": "db6", "correct": true}, {"query": "boolQuery_g", "db": "db7", "correct": true}, {"query": "boolQuery_g", "db": "db8", "correct": true}, {"query": "boolQuery_g", "db": "db9", "correct": true}, {"query": "boolQuery_g", "db": "db10", "correct": true}, {"query": "boolQuery_g", "db": "db11", "correct": true}, {"query": "boolQuery_g", "db": "db12", "correct": true}]}, {"query": "boolQuery_h", "correct": true, "perDBreport": [{"query": "boolQuery_h", "db": "db1", "correct": true}, {"query": "boolQuery_h", "db": "db2", "correct": true}, {"query": "boolQuery_h", "db": "db3", "correct": true}, {"query": "boolQuery_h", "db": "db4", "correct": true}, {"query": "boolQuery_h", "db": "db5", "correct": true}, {"query": "boolQuery_h", "db": "db6", "correct": true}, {"query": "boolQuery_h", "db": "db7", "correct": true}, {"query": "boolQuery_h", "db": "db8", "correct": true}, {"query": "boolQuery_h", "db": "db9", "correct": true}, {"query": "boolQuery_h", "db": "db10", "correct": true}, {"query": "boolQuery_h", "db": "db11", "correct": true}, {"query": "boolQuery_h", "db": "db12", "correct": true}]}, {"query": "boolQuery_i", "correct": false, "perDBreport": [{"query": "boolQuery_i", "db": "db1", "correct": false}, {"query": "boolQuery_i", "db": "db2", "correct": false}, {"query": "boolQuery_i", "db": "db3", "correct": false}, {"query": "boolQuery_i", "db": "db4", "correct": false}, {"query": "boolQuery_i", "db": "db5", "correct": false}, {"query": "boolQuery_i", "db": "db6", "correct": false}, {"query": "boolQuery_i", "db": "db7", "correct": false}, {"query": "boolQuery_i", "db": "db8", "correct": false}, {"query": "boolQuery_i", "db": "db9", "correct": true}, {"query": "boolQuery_i", "db": "db10", "correct": true}, {"query": "boolQuery_i", "db": "db11", "correct": true}, {"query": "boolQuery_i", "db": "db12", "correct": true}]}, {"query": "boolQuery_j", "correct": true, "perDBreport": [{"query": "boolQuery_j", "db": "db1", "correct": true}, {"query": "boolQuery_j", "db": "db2", "correct": true}, {"query": "boolQuery_j", "db": "db3", "correct": true}, {"query": "boolQuery_j", "db": "db4", "correct": true}, {"query": "boolQuery_j", "db": "db5", "correct": true}, {"query": "boolQuery_j", "db": "db6", "correct": true}, {"query": "boolQuery_j", "db": "db7", "correct": true}, {"query": "boolQuery_j", "db": "db8", "correct": true}, {"query": "boolQuery_j", "db": "db9", "correct": true}, {"query": "boolQuery_j", "db": "db10", "correct": true}, {"query": "boolQuery_j", "db": "db11", "correct": true}, {"query": "boolQuery_j", "db": "db12", "correct": true}]}, {"query": "boolQuery_k", "correct": false, "perDBreport": [{"query": "boolQuery_k", "db": "db1", "correct": false}, {"query": "boolQuery_k", "db": "db2", "correct": true}, {"query": "boolQuery_k", "db": "db3", "correct": false}, {"query": "boolQuery_k", "db": "db4", "correct": true}, {"query": "boolQuery_k", "db": "db5", "correct": true}, {"query": "boolQuery_k", "db": "db6", "correct": true}, {"query": "boolQuery_k", "db": "db7", "correct": true}, {"query": "boolQuery_k", "db": "db8", "correct": true}, {"query": "boolQuery_k", "db": "db9", "correct": true}, {"query": "boolQuery_k", "db": "db10", "correct": true}, {"query": "boolQuery_k", "db": "db11", "correct": false}, {"query": "boolQuery_k", "db": "db12", "correct": false}]}, {"query": "boolQuery_l", "correct": true, "perDBreport": [{"query": "boolQuery_l", "db": "db1", "correct": true}, {"query": "boolQuery_l", "db": "db2", "correct": true}, {"query": "boolQuery_l", "db": "db3", "correct": true}, {"query": "boolQuery_l", "db": "db4", "correct": true}, {"query": "boolQuery_l", "db": "db5", "correct": true}, {"query": "boolQuery_l", "db": "db6", "correct": true}, {"query": "boolQuery_l", "db": "db7", "correct": true}, {"query": "boolQuery_l", "db": "db8", "correct": true}, {"query": "boolQuery_l", "db": "db9", "correct": true}, {"query": "boolQuery_l", "db": "db10", "correct": true}, {"query": "boolQuery_l", "db": "db11", "correct": true}, {"query": "boolQuery_l", "db": "db12", "correct": true}]}, {"query": "dataQuery_a", "correct": false, "perDBreport": [{"query": "dataQuery_a", "db": "db1", "correct": true}, {"query": "dataQuery_a", "db": "db2", "correct": true}, {"query": "dataQuery_a", "db": "db3", "correct": true}, {"query": "dataQuery_a", "db": "db4", "correct": false}, {"query": "dataQuery_a", "db": "db5", "correct": false}, {"query": "dataQuery_a", "db": "db6", "correct": false}, {"query": "dataQuery_a", "db": "db7", "correct": true}, {"query": "dataQuery_a", "db": "db8", "correct": true}, {"query": "dataQuery_a", "db": "db9", "correct": true}, {"query": "dataQuery_a", "db": "db10", "correct": true}, {"query": "dataQuery_a", "db": "db11", "correct": true}, {"query": "dataQuery_a", "db": "db12", "correct": true}]}, {"query": "dataQuery_b", "correct": true, "perDBreport": [{"query": "dataQuery_b", "db": "db1", "correct": true}, {"query": "dataQuery_b", "db": "db2", "correct": true}, {"query": "dataQuery_b", "db": "db3", "correct": true}, {"query": "dataQuery_b", "db": "db4", "correct": true}, {"query": "dataQuery_b", "db": "db5", "correct": true}, {"query": "dataQuery_b", "db": "db6", "correct": true}, {"query": "dataQuery_b", "db": "db7", "correct": true}, {"query": "dataQuery_b", "db": "db8", "correct": true}, {"query": "dataQuery_b", "db": "db9", "correct": true}, {"query": "dataQuery_b", "db": "db10", "correct": true}, {"query": "dataQuery_b", "db": "db11", "correct": true}, {"query": "dataQuery_b", "db": "db12", "correct": true}]}, {"query": "dataQuery_c", "correct": true, "perDBreport": [{"query": "dataQuery_c", "db": "db1", "correct": true}, {"query": "dataQuery_c", "db": "db2", "correct": true}, {"query": "dataQuery_c", "db": "db3", "correct": true}, {"query": "dataQuery_c", "db": "db4", "correct": true}, {"query": "dataQuery_c", "db": "db5", "correct": true}, {"query": "dataQuery_c", "db": "db6", "correct": true}, {"query": "dataQuery_c", "db": "db7", "correct": true}, {"query": "dataQuery_c", "db": "db8", "correct": true}, {"query": "dataQuery_c", "db": "db9", "correct": true}, {"query": "dataQuery_c", "db": "db10", "correct": true}, {"query": "dataQuery_c", "db": "db11", "correct": true}, {"query": "dataQuery_c", "db": "db12", "correct": true}]}, {"query": "dataQuery_d", "correct": true, "perDBreport": [{"query": "dataQuery_d", "db": "db1", "correct": true}, {"query": "dataQuery_d", "db": "db2", "correct": true}, {"query": "dataQuery_d", "db": "db3", "correct": true}, {"query": "dataQuery_d", "db": "db4", "correct": true}, {"query": "dataQuery_d", "db": "db5", "correct": true}, {"query": "dataQuery_d", "db": "db6", "correct": true}, {"query": "dataQuery_d", "db": "db7", "correct": true}, {"query": "dataQuery_d", "db": "db8", "correct": true}, {"query": "dataQuery_d", "db": "db9", "correct": true}, {"query": "dataQuery_d", "db": "db10", "correct": true}, {"query": "dataQuery_d", "db": "db11", "correct": true}, {"query": "dataQuery_d", "db": "db12", "correct": true}]}, {"query": "dataQuery_e", "correct": true, "perDBreport": [{"query": "dataQuery_e", "db": "db1", "correct": true}, {"query": "dataQuery_e", "db": "db2", "correct": true}, {"query": "dataQuery_e", "db": "db3", "correct": true}, {"query": "dataQuery_e", "db": "db4", "correct": true}, {"query": "dataQuery_e", "db": "db5", "correct": true}, {"query": "dataQuery_e", "db": "db6", "correct": true}, {"query": "dataQuery_e", "db": "db7", "correct": true}, {"query": "dataQuery_e", "db": "db8", "correct": true}, {"query": "dataQuery_e", "db": "db9", "correct": true}, {"query": "dataQuery_e", "db": "db10", "correct": true}, {"query": "dataQuery_e", "db": "db11", "correct": true}, {"query": "dataQuery_e", "db": "db12", "correct": true}]}, {"query": "dataQuery_f", "correct": true, "perDBreport": [{"query": "dataQuery_f", "db": "db1", "correct": true}, {"query": "dataQuery_f", "db": "db2", "correct": true}, {"query": "dataQuery_f", "db": "db3", "correct": true}, {"query": "dataQuery_f", "db": "db4", "correct": true}, {"query": "dataQuery_f", "db": "db5", "correct": true}, {"query": "dataQuery_f", "db": "db6", "correct": true}, {"query": "dataQuery_f", "db": "db7", "correct": true}, {"query": "dataQuery_f", "db": "db8", "correct": true}, {"query": "dataQuery_f", "db": "db9", "correct": true}, {"query": "dataQuery_f", "db": "db10", "correct": true}, {"query": "dataQuery_f", "db": "db11", "correct": true}, {"query": "dataQuery_f", "db": "db12", "correct": true}]}, {"query": "dataQuery_g", "correct": true, "perDBreport": [{"query": "dataQuery_g", "db": "db1", "correct": true}, {"query": "dataQuery_g", "db": "db2", "correct": true}, {"query": "dataQuery_g", "db": "db3", "correct": true}, {"query": "dataQuery_g", "db": "db4", "correct": true}, {"query": "dataQuery_g", "db": "db5", "correct": true}, {"query": "dataQuery_g", "db": "db6", "correct": true}, {"query": "dataQuery_g", "db": "db7", "correct": true}, {"query": "dataQuery_g", "db": "db8", "correct": true}, {"query": "dataQuery_g", "db": "db9", "correct": true}, {"query": "dataQuery_g", "db": "db10", "correct": true}, {"query": "dataQuery_g", "db": "db11", "correct": true}, {"query": "dataQuery_g", "db": "db12", "correct": true}]}, {"query": "dataQuery_h", "correct": true, "perDBreport": [{"query": "dataQuery_h", "db": "db1", "correct": true}, {"query": "dataQuery_h", "db": "db2", "correct": true}, {"query": "dataQuery_h", "db": "db3", "correct": true}, {"query": "dataQuery_h", "db": "db4", "correct": true}, {"query": "dataQuery_h", "db": "db5", "correct": true}, {"query": "dataQuery_h", "db": "db6", "correct": true}, {"query": "dataQuery_h", "db": "db7", "correct": true}, {"query": "dataQuery_h", "db": "db8", "correct": true}, {"query": "dataQuery_h", "db": "db9", "correct": true}, {"query": "dataQuery_h", "db": "db10", "correct": true}, {"query": "dataQuery_h", "db": "db11", "correct": true}, {"query": "dataQuery_h", "db": "db12", "correct": true}]}, {"query": "dataQuery_i", "correct": true, "perDBreport": [{"query": "dataQuery_i", "db": "db1", "correct": true}, {"query": "dataQuery_i", "db": "db2", "correct": true}, {"query": "dataQuery_i", "db": "db3", "correct": true}, {"query": "dataQuery_i", "db": "db4", "correct": true}, {"query": "dataQuery_i", "db": "db5", "correct": true}, {"query": "dataQuery_i", "db": "db6", "correct": true}, {"query": "dataQuery_i", "db": "db7", "correct": true}, {"query": "dataQuery_i", "db": "db8", "correct": true}, {"query": "dataQuery_i", "db": "db9", "correct": true}, {"query": "dataQuery_i", "db": "db10", "correct": true}, {"query": "dataQuery_i", "db": "db11", "correct": true}, {"query": "dataQuery_i", "db": "db12", "correct": true}]}, {"query": "dataQuery_j", "correct": true, "perDBreport": [{"query": "dataQuery_j", "db": "db1", "correct": true}, {"query": "dataQuery_j", "db": "db2", "correct": true}, {"query": "dataQuery_j", "db": "db3", "correct": true}, {"query": "dataQuery_j", "db": "db4", "correct": true}, {"query": "dataQuery_j", "db": "db5", "correct": true}, {"query": "dataQuery_j", "db": "db6", "correct": true}, {"query": "dataQuery_j", "db": "db7", "correct": true}, {"query": "dataQuery_j", "db": "db8", "correct": true}, {"query": "dataQuery_j", "db": "db9", "correct": true}, {"query": "dataQuery_j", "db": "db10", "correct": true}, {"query": "dataQuery_j", "db": "db11", "correct": true}, {"query": "dataQuery_j", "db": "db12", "correct": true}]}]}